ausencia_id,colaborador_id,tipo_ausencia,data_inicio,data_fim,duracao_dias,aprovada
AU000001,C00063,Férias,2024-04-04,2024-04-12,9,True
AU000002,C00198,Doença,2024-09-02,2024-09-14,13,True
AU000003,C00433,Férias,2025-05-29,2025-06-01,4,True
AU000004,C00209,Férias,2026-03-15,2026-03-19,5,True
AU000005,C00459,Férias,2025-08-07,2025-08-08,2,True
AU000006,C00224,Férias,2024-02-20,2024-02-26,7,True
AU000007,C00578,Doença,2024-06-01,2024-06-03,3,True
AU000008,C00519,Férias,2025-12-29,2026-01-08,11,True
AU000009,C00579,Congresso,2026-03-10,2026-03-13,4,True
AU000010,C00500,Formação,2024-05-28,2024-05-31,4,True
AU000011,C00582,Doença,2025-03-25,2025-04-04,11,True
AU000012,C00329,Férias,2024-11-24,2024-11-30,7,False
AU000013,C00371,Férias,2024-07-23,2024-07-25,3,True
AU000014,C00419,Outro,2025-05-28,2025-05-31,4,True
AU000015,C00571,Férias,2025-08-23,2025-08-24,2,True
AU000016,C00017,Licença,2025-08-10,2025-08-25,16,True
AU000017,C00488,Licença,2024-01-16,2024-02-20,36,True
AU000018,C00183,Licença,2025-07-03,2025-08-05,34,True
AU000019,C00348,Férias,2025-04-13,2025-04-22,10,True
AU000020,C00011,Formação,2024-11-14,2024-11-15,2,True
AU000021,C00456,Doença,2024-11-26,2024-11-27,2,True
AU000022,C00020,Formação,2024-11-21,2024-11-24,4,True
AU000023,C00357,Outro,2025-06-16,2025-06-21,6,True
AU000024,C00580,Licença,2026-01-09,2026-03-10,61,False
AU000025,C00069,Férias,2024-03-19,2024-03-22,4,True
AU000026,C00166,Licença,2024-01-22,2024-03-13,52,True
AU000027,C00048,Doença,2025-06-04,2025-06-18,15,True
AU000028,C00341,Férias,2026-02-12,2026-02-13,2,True
AU000029,C00054,Férias,2024-07-24,2024-07-25,2,True
AU000030,C00131,Congresso,2024-09-19,2024-09-19,1,True
AU000031,C00608,Licença,2024-02-29,2024-03-26,27,True
AU000032,C00588,Doença,2026-02-25,2026-02-27,3,True
AU000033,C00447,Férias,2025-02-18,2025-02-25,8,True
AU000034,C00122,Formação,2024-03-08,2024-03-10,3,True
AU000035,C00567,Doença,2025-04-05,2025-04-12,8,False
AU000036,C00586,Férias,2025-04-30,2025-05-03,4,True
AU000037,C00159,Doença,2025-07-08,2025-07-11,4,True
AU000038,C00186,Doença,2024-07-31,2024-08-12,13,True
AU000039,C00286,Férias,2025-02-01,2025-02-04,4,True
AU000040,C00149,Férias,2025-04-30,2025-05-03,4,True
AU000041,C00206,Doença,2025-06-16,2025-06-21,6,True
AU000042,C00016,Férias,2024-04-14,2024-04-24,11,False
AU000043,C00520,Férias,2024-04-25,2024-05-02,8,True
AU000044,C00122,Licença,2025-04-03,2025-04-26,24,True
AU000045,C00275,Doença,2025-12-08,2025-12-11,4,False
AU000046,C00140,Licença,2024-05-07,2024-07-13,68,True
AU000047,C00391,Férias,2024-01-12,2024-01-26,15,True
AU000048,C00015,Licença,2024-03-04,2024-04-30,58,True
AU000049,C00594,Férias,2025-05-25,2025-06-08,15,True
AU000050,C00454,Férias,2024-12-23,2024-12-23,1,False
AU000051,C00107,Férias,2026-03-30,2026-04-05,7,True
AU000052,C00533,Formação,2025-05-04,2025-05-07,4,True
AU000053,C00018,Férias,2025-09-19,2025-09-28,10,True
AU000054,C00550,Férias,2024-06-11,2024-06-16,6,True
AU000055,C00568,Férias,2025-09-29,2025-10-02,4,True
AU000056,C00292,Doença,2024-01-27,2024-02-03,8,True
AU000057,C00029,Outro,2024-12-09,2024-12-09,1,True
AU000058,C00601,Férias,2025-06-10,2025-06-13,4,True
AU000059,C00104,Doença,2025-09-15,2025-09-26,12,True
AU000060,C00027,Férias,2026-03-31,2026-04-03,4,True
AU000061,C00007,Férias,2025-11-13,2025-11-14,2,False
AU000062,C00045,Outro,2026-01-26,2026-01-31,6,True
AU000063,C00101,Férias,2024-01-31,2024-02-02,3,True
AU000064,C00385,Férias,2024-12-14,2024-12-26,13,True
AU000065,C00510,Férias,2024-06-30,2024-07-06,7,True
AU000066,C00248,Férias,2025-06-06,2025-06-20,15,False
AU000067,C00208,Férias,2025-01-09,2025-01-16,8,True
AU000068,C00275,Licença,2025-02-20,2025-04-10,50,True
AU000069,C00363,Férias,2025-02-09,2025-02-15,7,True
AU000070,C00533,Férias,2025-05-11,2025-05-13,3,True
AU000071,C00300,Férias,2025-04-15,2025-04-25,11,True
AU000072,C00206,Férias,2026-03-01,2026-03-06,6,True
AU000073,C00597,Congresso,2025-02-03,2025-02-05,3,True
AU000074,C00267,Doença,2024-05-22,2024-05-30,9,True
AU000075,C00551,Férias,2024-10-18,2024-10-25,8,True
AU000076,C00121,Férias,2024-03-05,2024-03-15,11,True
AU000077,C00582,Férias,2024-07-18,2024-07-28,11,True
AU000078,C00610,Formação,2024-12-26,2024-12-28,3,True
AU000079,C00281,Doença,2025-01-27,2025-02-06,11,True
AU000080,C00511,Licença,2024-12-18,2025-01-18,32,True
AU000081,C00238,Férias,2024-03-08,2024-03-11,4,True
AU000082,C00364,Doença,2024-10-09,2024-10-12,4,True
AU000083,C00003,Doença,2025-05-03,2025-05-04,2,True
AU000084,C00266,Formação,2025-02-20,2025-02-22,3,True
AU000085,C00008,Doença,2024-05-28,2024-06-10,14,True
AU000086,C00608,Doença,2024-06-22,2024-06-22,1,True
AU000087,C00295,Doença,2026-03-28,2026-03-31,4,True
AU000088,C00231,Formação,2025-11-15,2025-11-18,4,True
AU000089,C00057,Férias,2026-03-11,2026-03-19,9,True
AU000090,C00017,Congresso,2024-12-20,2024-12-23,4,True
AU000091,C00250,Férias,2024-07-28,2024-08-06,10,True
AU000092,C00256,Férias,2024-07-12,2024-07-21,10,False
AU000093,C00490,Férias,2025-05-13,2025-05-13,1,False
AU000094,C00296,Doença,2025-04-05,2025-04-13,9,True
AU000095,C00097,Doença,2025-09-17,2025-09-30,14,True
AU000096,C00159,Férias,2024-04-14,2024-04-14,1,True
AU000097,C00244,Doença,2025-11-06,2025-11-11,6,True
AU000098,C00351,Formação,2024-06-27,2024-06-27,1,True
AU000099,C00184,Licença,2024-11-24,2024-12-09,16,True
AU000100,C00440,Férias,2024-06-23,2024-06-29,7,True
AU000101,C00421,Doença,2026-01-28,2026-02-03,7,True
AU000102,C00567,Férias,2024-05-13,2024-05-17,5,True
AU000103,C00543,Formação,2025-11-27,2025-11-30,4,True
AU000104,C00528,Doença,2024-02-20,2024-03-08,18,True
AU000105,C00079,Doença,2025-03-01,2025-03-14,14,True
AU000106,C00338,Férias,2024-01-31,2024-02-08,9,True
AU000107,C00269,Outro,2024-06-03,2024-06-03,1,True
AU000108,C00032,Férias,2025-06-25,2025-07-04,10,True
AU000109,C00502,Férias,2024-11-27,2024-12-03,7,True
AU000110,C00245,Férias,2026-02-11,2026-02-17,7,True
AU000111,C00582,Congresso,2024-08-14,2024-08-15,2,True
AU000112,C00376,Férias,2024-11-06,2024-11-11,6,True
AU000113,C00423,Férias,2024-06-12,2024-06-23,12,False
AU000114,C00047,Férias,2026-03-23,2026-04-01,10,True
AU000115,C00194,Licença,2024-08-31,2024-10-08,39,False
AU000116,C00293,Férias,2025-07-16,2025-07-17,2,True
AU000117,C00007,Congresso,2024-09-07,2024-09-09,3,True
AU000118,C00167,Férias,2024-09-20,2024-09-22,3,True
AU000119,C00477,Férias,2026-03-24,2026-04-02,10,False
AU000120,C00111,Férias,2024-06-12,2024-06-15,4,True
AU000121,C00125,Férias,2025-01-14,2025-01-19,6,True
AU000122,C00493,Formação,2025-08-10,2025-08-14,5,False
AU000123,C00340,Férias,2024-05-15,2024-05-21,7,True
AU000124,C00267,Férias,2025-09-23,2025-10-05,13,True
AU000125,C00269,Doença,2024-12-19,2024-12-19,1,True
AU000126,C00271,Licença,2025-02-24,2025-03-11,16,True
AU000127,C00588,Férias,2024-05-02,2024-05-15,14,True
AU000128,C00296,Férias,2025-12-12,2025-12-20,9,True
AU000129,C00004,Formação,2026-03-24,2026-03-25,2,True
AU000130,C00171,Doença,2025-08-03,2025-08-15,13,True
AU000131,C00613,Doença,2025-07-02,2025-07-12,11,True
AU000132,C00614,Férias,2024-01-26,2024-02-03,9,True
AU000133,C00215,Férias,2024-10-11,2024-10-17,7,True
AU000134,C00433,Outro,2024-11-30,2024-12-03,4,True
AU000135,C00200,Férias,2024-06-22,2024-06-23,2,True
AU000136,C00255,Outro,2024-05-18,2024-05-22,5,False
AU000137,C00306,Férias,2025-04-11,2025-04-23,13,True
AU000138,C00504,Férias,2024-05-29,2024-06-06,9,True
AU000139,C00495,Férias,2025-02-11,2025-02-17,7,True
AU000140,C00090,Licença,2024-08-29,2024-11-09,73,True
AU000141,C00591,Doença,2024-10-15,2024-10-26,12,True
AU000142,C00310,Férias,2026-02-06,2026-02-06,1,True
AU000143,C00390,Formação,2024-06-07,2024-06-07,1,True
AU000144,C00366,Doença,2026-03-03,2026-03-18,16,True
AU000145,C00508,Formação,2025-11-27,2025-11-27,1,True
AU000146,C00219,Doença,2025-03-17,2025-03-27,11,True
AU000147,C00430,Doença,2024-01-04,2024-01-12,9,True
AU000148,C00566,Férias,2024-08-13,2024-08-14,2,True
AU000149,C00361,Doença,2024-07-27,2024-08-13,18,True
AU000150,C00433,Doença,2024-06-15,2024-07-01,17,True
AU000151,C00552,Doença,2024-08-09,2024-08-12,4,True
AU000152,C00571,Férias,2024-04-16,2024-04-26,11,True
AU000153,C00033,Férias,2025-07-16,2025-07-20,5,True
AU000154,C00286,Férias,2024-06-11,2024-06-13,3,True
AU000155,C00160,Férias,2025-09-24,2025-09-30,7,True
AU000156,C00362,Férias,2024-10-15,2024-10-23,9,True
AU000157,C00248,Férias,2025-02-24,2025-03-02,7,True
AU000158,C00030,Formação,2024-08-20,2024-08-20,1,True
AU000159,C00446,Formação,2024-01-08,2024-01-10,3,True
AU000160,C00272,Férias,2024-12-20,2024-12-23,4,True
AU000161,C00543,Férias,2025-03-04,2025-03-13,10,True
AU000162,C00585,Doença,2024-06-09,2024-06-20,12,True
AU000163,C00250,Doença,2024-11-18,2024-11-25,8,True
AU000164,C00103,Doença,2026-03-11,2026-03-15,5,True
AU000165,C00172,Férias,2026-03-19,2026-03-31,13,True
AU000166,C00284,Licença,2026-03-22,2026-05-26,66,False
AU000167,C00447,Férias,2024-06-28,2024-07-12,15,True
AU000168,C00431,Doença,2025-11-17,2025-11-28,12,True
AU000169,C00225,Férias,2024-11-04,2024-11-07,4,True
AU000170,C00382,Férias,2026-02-06,2026-02-15,10,True
AU000171,C00162,Doença,2024-12-18,2024-12-25,8,True
AU000172,C00138,Doença,2024-08-22,2024-08-25,4,True
AU000173,C00584,Férias,2024-10-16,2024-10-30,15,True
AU000174,C00385,Congresso,2025-10-19,2025-10-22,4,True
AU000175,C00310,Férias,2025-08-28,2025-09-06,10,True
AU000176,C00349,Doença,2024-08-31,2024-09-15,16,True
AU000177,C00157,Férias,2025-06-18,2025-07-02,15,True
AU000178,C00426,Doença,2025-09-05,2025-09-07,3,True
AU000179,C00118,Férias,2025-06-14,2025-06-22,9,True
AU000180,C00157,Licença,2024-03-05,2024-04-27,54,True
AU000181,C00516,Outro,2024-09-22,2024-09-25,4,True
AU000182,C00362,Doença,2026-02-25,2026-03-06,10,True
AU000183,C00055,Férias,2025-05-11,2025-05-14,4,False
AU000184,C00517,Doença,2024-09-27,2024-09-29,3,False
AU000185,C00614,Doença,2024-03-07,2024-03-14,8,True
AU000186,C00246,Formação,2024-01-26,2024-01-28,3,True
AU000187,C00269,Férias,2025-08-09,2025-08-10,2,True
AU000188,C00510,Férias,2024-07-12,2024-07-26,15,True
AU000189,C00336,Doença,2026-03-10,2026-03-15,6,True
AU000190,C00376,Doença,2026-01-14,2026-01-17,4,True
AU000191,C00197,Formação,2025-07-18,2025-07-18,1,True
AU000192,C00110,Doença,2024-08-19,2024-09-02,15,True
AU000193,C00387,Doença,2024-11-14,2024-11-14,1,True
AU000194,C00499,Férias,2024-02-07,2024-02-18,12,True
AU000195,C00412,Férias,2025-05-25,2025-05-28,4,False
AU000196,C00564,Doença,2025-03-14,2025-03-22,9,True
AU000197,C00132,Doença,2024-04-03,2024-04-22,20,False
AU000198,C00474,Formação,2025-03-08,2025-03-08,1,True
AU000199,C00108,Formação,2024-01-13,2024-01-13,1,True
AU000200,C00435,Férias,2024-10-14,2024-10-16,3,True
AU000201,C00344,Doença,2024-06-11,2024-06-17,7,True
AU000202,C00456,Doença,2026-02-26,2026-03-10,13,True
AU000203,C00006,Férias,2026-03-18,2026-03-18,1,True
AU000204,C00334,Férias,2025-11-09,2025-11-18,10,True
AU000205,C00386,Férias,2025-10-11,2025-10-18,8,True
AU000206,C00281,Doença,2025-08-20,2025-08-28,9,False
AU000207,C00143,Outro,2025-02-02,2025-02-04,3,True
AU000208,C00485,Doença,2025-08-30,2025-09-14,16,False
AU000209,C00505,Formação,2024-05-26,2024-05-29,4,True
AU000210,C00229,Licença,2024-01-14,2024-03-24,71,True
AU000211,C00266,Doença,2024-12-01,2024-12-12,12,True
AU000212,C00584,Férias,2025-11-17,2025-11-19,3,True
AU000213,C00371,Doença,2025-03-28,2025-04-13,17,True
AU000214,C00562,Doença,2025-06-11,2025-06-16,6,True
AU000215,C00077,Outro,2024-03-03,2024-03-06,4,True
AU000216,C00559,Férias,2025-06-12,2025-06-14,3,False
AU000217,C00471,Congresso,2024-08-12,2024-08-16,5,True
AU000218,C00164,Férias,2025-11-18,2025-11-27,10,True
AU000219,C00488,Férias,2025-12-25,2025-12-25,1,True
AU000220,C00441,Férias,2024-07-31,2024-08-12,13,True
AU000221,C00022,Doença,2025-12-11,2025-12-24,14,True
AU000222,C00353,Doença,2024-04-06,2024-04-08,3,True
AU000223,C00620,Doença,2025-05-11,2025-05-26,16,True
AU000224,C00209,Doença,2025-10-13,2025-10-30,18,True
AU000225,C00140,Férias,2025-02-09,2025-02-12,4,True
AU000226,C00108,Férias,2024-10-31,2024-11-10,11,True
AU000227,C00156,Formação,2025-05-08,2025-05-10,3,True
AU000228,C00368,Licença,2024-06-24,2024-09-18,87,True
AU000229,C00340,Formação,2025-10-03,2025-10-07,5,False
AU000230,C00037,Doença,2025-05-13,2025-05-14,2,True
AU000231,C00098,Férias,2025-03-24,2025-04-01,9,True
AU000232,C00410,Férias,2024-04-28,2024-05-10,13,True
AU000233,C00136,Licença,2024-03-24,2024-05-16,54,True
AU000234,C00072,Férias,2025-06-06,2025-06-15,10,True
AU000235,C00364,Formação,2024-02-18,2024-02-21,4,True
AU000236,C00319,Formação,2025-07-18,2025-07-20,3,True
AU000237,C00478,Férias,2024-05-10,2024-05-24,15,True
AU000238,C00026,Licença,2025-06-18,2025-09-01,76,False
AU000239,C00171,Férias,2026-03-31,2026-04-11,12,True
AU000240,C00366,Doença,2024-03-17,2024-03-20,4,True
AU000241,C00221,Licença,2025-02-10,2025-04-03,53,True
AU000242,C00471,Doença,2024-10-24,2024-11-09,17,True
AU000243,C00425,Férias,2025-03-25,2025-04-01,8,True
AU000244,C00503,Férias,2024-09-03,2024-09-16,14,True
AU000245,C00224,Férias,2025-07-09,2025-07-18,10,True
AU000246,C00246,Férias,2024-11-20,2024-11-25,6,True
AU000247,C00606,Férias,2026-01-17,2026-01-17,1,True
AU000248,C00185,Férias,2024-08-20,2024-08-30,11,True
AU000249,C00609,Congresso,2025-03-05,2025-03-05,1,True
AU000250,C00338,Férias,2025-02-26,2025-03-10,13,True
AU000251,C00195,Férias,2025-06-29,2025-07-08,10,True
AU000252,C00083,Férias,2024-02-10,2024-02-15,6,True
AU000253,C00227,Férias,2024-05-01,2024-05-08,8,True
AU000254,C00463,Férias,2025-11-25,2025-12-08,14,False
AU000255,C00558,Férias,2025-11-12,2025-11-15,4,True
AU000256,C00032,Congresso,2025-04-16,2025-04-16,1,True
AU000257,C00286,Férias,2024-01-25,2024-01-29,5,True
AU000258,C00164,Outro,2024-03-22,2024-03-24,3,True
AU000259,C00018,Férias,2025-10-11,2025-10-14,4,False
AU000260,C00476,Férias,2024-09-03,2024-09-16,14,True
AU000261,C00241,Formação,2025-07-14,2025-07-17,4,True
AU000262,C00589,Doença,2025-02-27,2025-03-01,3,True
AU000263,C00508,Outro,2024-04-17,2024-04-21,5,False
AU000264,C00198,Férias,2024-03-06,2024-03-13,8,True
AU000265,C00139,Licença,2026-01-07,2026-01-17,11,True
AU000266,C00505,Férias,2024-03-09,2024-03-11,3,True
AU000267,C00541,Férias,2025-11-17,2025-11-27,11,True
AU000268,C00537,Férias,2024-07-15,2024-07-15,1,True
AU000269,C00336,Congresso,2025-05-17,2025-05-19,3,True
AU000270,C00242,Férias,2026-02-10,2026-02-22,13,True
AU000271,C00536,Outro,2025-10-23,2025-10-26,4,True
AU000272,C00267,Formação,2025-04-01,2025-04-05,5,True
AU000273,C00335,Doença,2024-11-05,2024-11-23,19,True
AU000274,C00433,Outro,2024-08-06,2024-08-10,5,True
AU000275,C00358,Doença,2025-11-29,2025-12-17,19,True
AU000276,C00509,Férias,2025-02-16,2025-03-02,15,True
AU000277,C00111,Férias,2024-03-01,2024-03-03,3,True
AU000278,C00089,Congresso,2024-11-08,2024-11-08,1,True
AU000279,C00518,Férias,2024-10-24,2024-10-30,7,False
AU000280,C00025,Doença,2025-08-23,2025-08-28,6,False
AU000281,C00420,Formação,2024-02-14,2024-02-16,3,True
AU000282,C00529,Férias,2025-05-27,2025-06-03,8,True
AU000283,C00058,Férias,2024-05-18,2024-05-27,10,True
AU000284,C00527,Licença,2024-02-20,2024-03-02,12,True
AU000285,C00349,Férias,2024-11-04,2024-11-13,10,True
AU000286,C00156,Congresso,2025-05-31,2025-06-01,2,True
AU000287,C00226,Férias,2026-02-26,2026-02-28,3,True
AU000288,C00099,Congresso,2025-01-07,2025-01-11,5,True
AU000289,C00043,Congresso,2024-11-29,2024-12-02,4,True
AU000290,C00242,Licença,2026-02-27,2026-05-23,86,True
AU000291,C00562,Férias,2025-02-24,2025-03-03,8,True
AU000292,C00593,Férias,2025-10-18,2025-10-19,2,True
AU000293,C00222,Outro,2025-08-31,2025-09-04,5,True
AU000294,C00462,Doença,2026-01-15,2026-01-23,9,True
AU000295,C00125,Doença,2025-06-04,2025-06-14,11,True
AU000296,C00082,Férias,2025-10-14,2025-10-23,10,True
AU000297,C00133,Licença,2024-05-29,2024-07-10,43,False
AU000298,C00159,Doença,2025-05-10,2025-05-13,4,True
AU000299,C00354,Doença,2025-10-09,2025-10-16,8,True
AU000300,C00575,Doença,2024-08-10,2024-08-28,19,True
AU000301,C00481,Doença,2024-02-23,2024-03-04,11,True
AU000302,C00572,Férias,2025-01-12,2025-01-13,2,True
AU000303,C00513,Doença,2025-05-24,2025-06-10,18,True
AU000304,C00573,Outro,2025-08-28,2025-08-29,2,True
AU000305,C00065,Doença,2024-01-11,2024-01-16,6,True
AU000306,C00013,Férias,2024-04-13,2024-04-14,2,True
AU000307,C00200,Doença,2025-08-11,2025-08-19,9,True
AU000308,C00217,Férias,2025-12-20,2025-12-23,4,True
AU000309,C00561,Férias,2025-04-09,2025-04-15,7,True
AU000310,C00290,Formação,2024-03-18,2024-03-18,1,True
AU000311,C00122,Congresso,2024-05-18,2024-05-19,2,True
AU000312,C00021,Formação,2025-05-13,2025-05-16,4,True
AU000313,C00618,Formação,2025-10-04,2025-10-05,2,True
AU000314,C00375,Férias,2025-05-17,2025-05-18,2,True
AU000315,C00411,Férias,2024-02-07,2024-02-13,7,True
AU000316,C00088,Doença,2024-02-05,2024-02-20,16,True
AU000317,C00222,Doença,2025-07-30,2025-08-02,4,True
AU000318,C00136,Férias,2025-04-25,2025-05-06,12,True
AU000319,C00313,Férias,2025-09-11,2025-09-15,5,True
AU000320,C00564,Licença,2025-06-28,2025-09-20,85,True
AU000321,C00472,Doença,2025-12-05,2025-12-07,3,True
AU000322,C00195,Férias,2024-02-14,2024-02-17,4,True
AU000323,C00361,Férias,2024-09-14,2024-09-16,3,True
AU000324,C00103,Férias,2025-09-15,2025-09-25,11,False
AU000325,C00413,Férias,2025-03-04,2025-03-18,15,True
AU000326,C00144,Férias,2024-07-22,2024-07-27,6,True
AU000327,C00295,Formação,2026-02-05,2026-02-05,1,True
AU000328,C00438,Doença,2024-07-25,2024-08-10,17,True
AU000329,C00119,Férias,2024-10-24,2024-11-05,13,True
AU000330,C00498,Outro,2025-09-28,2025-10-02,5,True
AU000331,C00601,Formação,2025-10-02,2025-10-03,2,True
AU000332,C00008,Doença,2026-03-05,2026-03-14,10,True
AU000333,C00261,Doença,2026-03-14,2026-03-25,12,True
AU000334,C00538,Formação,2025-09-16,2025-09-19,4,True
AU000335,C00157,Doença,2026-01-13,2026-01-16,4,True
AU000336,C00263,Férias,2024-01-21,2024-01-30,10,True
AU000337,C00092,Doença,2024-06-25,2024-07-10,16,True
AU000338,C00011,Férias,2025-10-10,2025-10-11,2,True
AU000339,C00301,Férias,2024-09-17,2024-09-26,10,True
AU000340,C00060,Licença,2024-01-04,2024-01-21,18,True
AU000341,C00171,Doença,2026-01-01,2026-01-19,19,False
AU000342,C00009,Férias,2024-09-06,2024-09-15,10,True
AU000343,C00342,Licença,2025-05-20,2025-08-02,75,True
AU000344,C00219,Férias,2025-10-18,2025-10-25,8,True
AU000345,C00535,Formação,2025-11-18,2025-11-19,2,False
AU000346,C00260,Doença,2024-03-16,2024-03-21,6,True
AU000347,C00020,Doença,2024-01-23,2024-02-01,10,True
AU000348,C00551,Férias,2024-03-25,2024-03-31,7,True
AU000349,C00397,Congresso,2024-12-17,2024-12-21,5,True
AU000350,C00116,Doença,2024-10-20,2024-10-28,9,True
AU000351,C00318,Doença,2024-10-13,2024-10-16,4,True
AU000352,C00550,Férias,2024-02-27,2024-02-27,1,True
AU000353,C00488,Doença,2025-12-07,2025-12-19,13,True
AU000354,C00411,Férias,2025-07-04,2025-07-04,1,True
AU000355,C00225,Doença,2026-01-19,2026-01-19,1,True
AU000356,C00168,Formação,2024-06-16,2024-06-18,3,False
AU000357,C00529,Doença,2024-07-22,2024-07-25,4,True
AU000358,C00002,Férias,2025-03-18,2025-04-01,15,True
AU000359,C00162,Férias,2024-05-15,2024-05-28,14,True
AU000360,C00233,Férias,2026-03-18,2026-03-19,2,True
AU000361,C00497,Férias,2024-06-24,2024-07-05,12,False
AU000362,C00211,Férias,2024-01-01,2024-01-10,10,True
AU000363,C00399,Formação,2025-10-25,2025-10-25,1,True
AU000364,C00290,Outro,2025-07-15,2025-07-15,1,True
AU000365,C00311,Férias,2024-03-31,2024-04-13,14,True
AU000366,C00363,Férias,2025-11-10,2025-11-14,5,True
AU000367,C00485,Doença,2024-12-09,2024-12-24,16,True
AU000368,C00453,Doença,2024-09-15,2024-10-04,20,True
AU000369,C00578,Férias,2025-03-15,2025-03-23,9,True
AU000370,C00587,Férias,2025-12-19,2025-12-29,11,True
AU000371,C00466,Congresso,2025-08-14,2025-08-18,5,True
AU000372,C00379,Férias,2025-09-12,2025-09-24,13,True
AU000373,C00380,Doença,2024-01-20,2024-02-08,20,True
AU000374,C00183,Doença,2024-06-25,2024-07-07,13,True
AU000375,C00148,Formação,2024-08-03,2024-08-05,3,True
AU000376,C00544,Doença,2025-05-28,2025-06-13,17,True
AU000377,C00143,Férias,2026-03-18,2026-03-26,9,True
AU000378,C00437,Férias,2024-07-06,2024-07-14,9,False
AU000379,C00127,Férias,2025-04-12,2025-04-13,2,True
AU000380,C00286,Férias,2024-12-09,2024-12-10,2,True
AU000381,C00371,Doença,2024-02-28,2024-03-06,8,True
AU000382,C00247,Formação,2024-09-13,2024-09-16,4,True
AU000383,C00609,Férias,2026-03-22,2026-04-04,14,True
AU000384,C00423,Doença,2024-07-14,2024-07-25,12,True
AU000385,C00552,Congresso,2025-09-05,2025-09-08,4,True
AU000386,C00076,Férias,2025-03-01,2025-03-12,12,True
AU000387,C00069,Férias,2025-02-07,2025-02-08,2,True
AU000388,C00013,Doença,2025-03-30,2025-04-09,11,True
AU000389,C00122,Férias,2025-06-04,2025-06-09,6,True
AU000390,C00506,Doença,2025-03-04,2025-03-12,9,True
AU000391,C00613,Férias,2025-03-24,2025-04-04,12,True
AU000392,C00183,Licença,2025-12-13,2026-02-19,69,True
AU000393,C00048,Férias,2024-08-14,2024-08-19,6,True
AU000394,C00324,Formação,2025-11-27,2025-12-01,5,True
AU000395,C00535,Doença,2025-01-05,2025-01-10,6,True
AU000396,C00496,Férias,2026-01-19,2026-01-25,7,True
AU000397,C00589,Doença,2025-04-16,2025-05-03,18,True
AU000398,C00346,Formação,2024-01-12,2024-01-16,5,True
AU000399,C00463,Férias,2024-09-06,2024-09-08,3,True
AU000400,C00537,Congresso,2024-12-31,2025-01-04,5,True
AU000401,C00450,Férias,2026-01-20,2026-01-29,10,True
AU000402,C00182,Congresso,2024-10-24,2024-10-28,5,True
AU000403,C00406,Doença,2025-01-13,2025-01-29,17,True
AU000404,C00290,Doença,2024-05-10,2024-05-20,11,True
AU000405,C00238,Doença,2026-01-24,2026-01-25,2,True
AU000406,C00548,Formação,2024-10-21,2024-10-21,1,False
AU000407,C00531,Doença,2024-03-24,2024-03-25,2,True
AU000408,C00200,Formação,2024-02-26,2024-02-26,1,True
AU000409,C00352,Outro,2024-03-14,2024-03-20,7,True
AU000410,C00179,Outro,2024-10-05,2024-10-07,3,True
AU000411,C00185,Férias,2024-06-29,2024-07-12,14,True
AU000412,C00613,Formação,2026-02-06,2026-02-09,4,True
AU000413,C00351,Formação,2024-10-29,2024-10-31,3,True
AU000414,C00067,Férias,2024-08-03,2024-08-14,12,True
AU000415,C00074,Formação,2026-01-31,2026-02-04,5,True
AU000416,C00280,Férias,2024-01-09,2024-01-22,14,True
AU000417,C00583,Férias,2025-08-17,2025-08-26,10,True
AU000418,C00396,Formação,2024-02-06,2024-02-08,3,True
AU000419,C00597,Férias,2025-02-10,2025-02-21,12,True
AU000420,C00555,Férias,2025-05-04,2025-05-05,2,True
AU000421,C00050,Outro,2025-01-06,2025-01-11,6,True
AU000422,C00516,Doença,2025-08-07,2025-08-17,11,True
AU000423,C00347,Licença,2024-10-10,2025-01-03,86,True
AU000424,C00342,Doença,2025-08-28,2025-09-07,11,True
AU000425,C00280,Férias,2024-03-29,2024-04-08,11,True
AU000426,C00401,Doença,2025-01-05,2025-01-19,15,True
AU000427,C00516,Férias,2026-01-22,2026-01-29,8,True
AU000428,C00284,Licença,2025-09-09,2025-10-15,37,True
AU000429,C00341,Congresso,2024-07-11,2024-07-13,3,True
AU000430,C00234,Doença,2025-08-27,2025-09-08,13,True
AU000431,C00446,Doença,2024-12-03,2024-12-19,17,True
AU000432,C00333,Férias,2026-03-21,2026-03-31,11,True
AU000433,C00247,Doença,2024-04-07,2024-04-07,1,False
AU000434,C00180,Doença,2025-07-09,2025-07-12,4,True
AU000435,C00524,Férias,2024-02-16,2024-02-25,10,True
AU000436,C00381,Férias,2025-01-13,2025-01-27,15,True
AU000437,C00119,Férias,2026-03-01,2026-03-05,5,True
AU000438,C00367,Férias,2024-08-21,2024-08-22,2,True
AU000439,C00275,Férias,2025-11-30,2025-12-01,2,True
AU000440,C00394,Férias,2025-12-15,2025-12-28,14,True
AU000441,C00099,Formação,2025-01-08,2025-01-09,2,True
AU000442,C00518,Formação,2026-01-28,2026-02-01,5,True
AU000443,C00604,Congresso,2024-03-11,2024-03-15,5,True
AU000444,C00023,Férias,2024-01-06,2024-01-10,5,True
AU000445,C00189,Férias,2024-12-18,2024-12-21,4,True
AU000446,C00394,Doença,2024-11-26,2024-11-30,5,True
AU000447,C00059,Férias,2025-06-11,2025-06-14,4,True
AU000448,C00297,Outro,2026-03-08,2026-03-12,5,True
AU000449,C00369,Licença,2024-11-30,2025-02-06,69,False
AU000450,C00429,Doença,2024-02-07,2024-02-11,5,True
AU000451,C00119,Férias,2025-01-19,2025-01-29,11,True
AU000452,C00011,Formação,2024-07-13,2024-07-14,2,True
AU000453,C00119,Outro,2025-03-18,2025-03-24,7,True
AU000454,C00198,Doença,2024-09-12,2024-09-18,7,True
AU000455,C00167,Outro,2024-11-07,2024-11-08,2,True
AU000456,C00024,Férias,2025-09-01,2025-09-04,4,True
AU000457,C00106,Doença,2024-11-08,2024-11-10,3,True
AU000458,C00190,Férias,2025-09-21,2025-09-24,4,True
AU000459,C00254,Doença,2025-09-22,2025-10-05,14,True
AU000460,C00501,Férias,2024-12-08,2024-12-17,10,True
AU000461,C00523,Congresso,2024-06-09,2024-06-10,2,True
AU000462,C00611,Férias,2026-02-13,2026-02-25,13,True
AU000463,C00505,Formação,2025-06-27,2025-06-29,3,True
AU000464,C00054,Doença,2026-03-31,2026-04-14,15,True
AU000465,C00104,Outro,2026-03-25,2026-03-29,5,True
AU000466,C00267,Congresso,2024-09-02,2024-09-04,3,True
AU000467,C00238,Formação,2024-03-17,2024-03-18,2,True
AU000468,C00043,Doença,2025-05-09,2025-05-16,8,True
AU000469,C00209,Doença,2025-11-18,2025-11-27,10,True
AU000470,C00381,Férias,2025-05-22,2025-05-29,8,True
AU000471,C00082,Férias,2024-08-26,2024-08-27,2,True
AU000472,C00554,Férias,2024-03-17,2024-03-22,6,True
AU000473,C00589,Congresso,2026-03-23,2026-03-23,1,True
AU000474,C00119,Férias,2024-05-25,2024-05-25,1,True
AU000475,C00140,Férias,2025-03-25,2025-03-25,1,True
AU000476,C00030,Doença,2025-09-11,2025-09-17,7,True
AU000477,C00495,Doença,2025-06-24,2025-07-05,12,True
AU000478,C00061,Férias,2025-12-08,2025-12-13,6,True
AU000479,C00567,Licença,2025-08-24,2025-10-14,52,True
AU000480,C00105,Férias,2025-03-01,2025-03-01,1,True
AU000481,C00110,Férias,2025-09-22,2025-10-01,10,True
AU000482,C00491,Doença,2024-06-09,2024-06-13,5,True
AU000483,C00536,Doença,2024-09-03,2024-09-22,20,True
AU000484,C00097,Doença,2025-11-07,2025-11-23,17,False
AU000485,C00162,Doença,2026-01-30,2026-02-13,15,True
AU000486,C00553,Férias,2024-12-10,2024-12-20,11,True
AU000487,C00212,Férias,2025-01-03,2025-01-17,15,True
AU000488,C00297,Formação,2024-03-27,2024-03-28,2,True
AU000489,C00292,Doença,2026-01-14,2026-01-22,9,True
AU000490,C00187,Férias,2026-02-24,2026-02-24,1,True
AU000491,C00203,Férias,2025-01-27,2025-02-09,14,True
AU000492,C00438,Férias,2025-09-23,2025-10-03,11,True
AU000493,C00198,Férias,2024-02-04,2024-02-08,5,True
AU000494,C00580,Férias,2025-03-23,2025-04-05,14,True
AU000495,C00268,Férias,2026-03-08,2026-03-12,5,True
AU000496,C00261,Licença,2025-10-14,2025-11-09,27,True
AU000497,C00368,Congresso,2026-01-05,2026-01-07,3,True
AU000498,C00217,Outro,2024-11-28,2024-12-03,6,True
AU000499,C00082,Congresso,2026-01-17,2026-01-17,1,True
AU000500,C00356,Doença,2025-07-16,2025-08-02,18,True
AU000501,C00226,Doença,2026-03-07,2026-03-23,17,True
AU000502,C00051,Férias,2025-08-29,2025-09-05,8,True
AU000503,C00517,Doença,2026-02-27,2026-03-09,11,True
AU000504,C00370,Férias,2025-07-18,2025-07-27,10,True
AU000505,C00003,Formação,2025-07-09,2025-07-11,3,True
AU000506,C00014,Férias,2025-11-04,2025-11-05,2,True
AU000507,C00171,Doença,2025-01-05,2025-01-08,4,True
AU000508,C00606,Doença,2025-11-03,2025-11-14,12,True
AU000509,C00205,Congresso,2026-01-25,2026-01-29,5,True
AU000510,C00401,Férias,2025-07-26,2025-08-05,11,True
AU000511,C00476,Férias,2024-06-19,2024-07-03,15,False
AU000512,C00265,Congresso,2024-01-16,2024-01-16,1,True
AU000513,C00027,Férias,2024-05-18,2024-05-19,2,True
AU000514,C00413,Férias,2025-02-05,2025-02-18,14,True
AU000515,C00215,Férias,2024-02-20,2024-03-05,15,True
AU000516,C00501,Férias,2024-02-08,2024-02-19,12,True
AU000517,C00523,Doença,2025-07-21,2025-08-01,12,True
AU000518,C00296,Formação,2024-08-02,2024-08-02,1,True
AU000519,C00290,Doença,2025-05-04,2025-05-06,3,True
AU000520,C00364,Doença,2024-04-24,2024-05-03,10,True
AU000521,C00090,Doença,2025-12-17,2025-12-20,4,True
AU000522,C00260,Férias,2026-01-16,2026-01-30,15,True
AU000523,C00453,Licença,2024-11-21,2025-01-19,60,True
AU000524,C00224,Formação,2025-11-11,2025-11-15,5,True
AU000525,C00321,Doença,2024-07-26,2024-08-13,19,False
AU000526,C00563,Férias,2026-01-23,2026-01-25,3,True
AU000527,C00007,Doença,2025-02-18,2025-03-06,17,True
AU000528,C00069,Férias,2024-01-15,2024-01-29,15,True
AU000529,C00202,Férias,2024-03-05,2024-03-09,5,True
AU000530,C00234,Férias,2024-05-16,2024-05-18,3,True
AU000531,C00315,Férias,2025-08-08,2025-08-13,6,True
AU000532,C00261,Doença,2024-04-20,2024-04-27,8,True
AU000533,C00321,Férias,2026-03-21,2026-03-26,6,True
AU000534,C00501,Doença,2025-11-18,2025-11-29,12,True
AU000535,C00258,Formação,2025-08-07,2025-08-10,4,True
AU000536,C00114,Doença,2024-09-05,2024-09-16,12,True
AU000537,C00066,Doença,2025-12-02,2025-12-07,6,True
AU000538,C00514,Formação,2024-01-04,2024-01-04,1,True
AU000539,C00008,Férias,2024-11-10,2024-11-20,11,True
AU000540,C00488,Doença,2025-05-28,2025-06-15,19,True
AU000541,C00551,Férias,2025-04-30,2025-04-30,1,True
AU000542,C00474,Formação,2024-10-20,2024-10-24,5,True
AU000543,C00589,Férias,2024-07-31,2024-08-06,7,True
AU000544,C00129,Doença,2024-10-26,2024-10-28,3,True
AU000545,C00520,Formação,2025-06-14,2025-06-14,1,True
AU000546,C00312,Doença,2024-04-17,2024-04-17,1,True
AU000547,C00068,Licença,2024-07-13,2024-08-29,48,True
AU000548,C00421,Férias,2024-03-17,2024-03-27,11,True
AU000549,C00408,Doença,2025-04-07,2025-04-14,8,False
AU000550,C00220,Doença,2026-03-27,2026-03-31,5,True
AU000551,C00122,Férias,2024-12-17,2024-12-31,15,True
AU000552,C00504,Licença,2024-11-01,2024-11-19,19,True
AU000553,C00333,Férias,2025-09-21,2025-09-23,3,False
AU000554,C00203,Férias,2024-11-28,2024-12-01,4,False
AU000555,C00345,Férias,2025-04-16,2025-04-27,12,True
AU000556,C00113,Férias,2024-03-21,2024-04-01,12,True
AU000557,C00291,Doença,2025-04-24,2025-05-04,11,True
AU000558,C00156,Doença,2025-07-19,2025-07-29,11,True
AU000559,C00306,Doença,2024-01-04,2024-01-18,15,True
AU000560,C00477,Doença,2025-08-17,2025-08-23,7,True
AU000561,C00141,Congresso,2024-07-22,2024-07-25,4,True
AU000562,C00374,Licença,2024-02-25,2024-03-19,24,True
AU000563,C00344,Doença,2024-08-21,2024-09-04,15,True
AU000564,C00405,Férias,2024-02-04,2024-02-11,8,True
AU000565,C00249,Licença,2025-12-18,2026-03-13,86,True
AU000566,C00190,Férias,2025-11-20,2025-11-28,9,True
AU000567,C00489,Formação,2025-03-11,2025-03-12,2,True
AU000568,C00177,Férias,2024-11-29,2024-11-29,1,True
AU000569,C00589,Outro,2024-08-10,2024-08-13,4,False
AU000570,C00212,Doença,2025-01-04,2025-01-14,11,True
AU000571,C00105,Licença,2025-05-28,2025-06-30,34,True
AU000572,C00077,Férias,2024-10-18,2024-10-23,6,True
AU000573,C00168,Doença,2025-03-17,2025-03-30,14,True
AU000574,C00446,Doença,2025-02-15,2025-02-18,4,True
AU000575,C00469,Férias,2026-03-07,2026-03-16,10,True
AU000576,C00397,Férias,2024-02-08,2024-02-09,2,True
AU000577,C00615,Doença,2024-08-10,2024-08-25,16,True
AU000578,C00317,Formação,2025-10-26,2025-10-27,2,True
AU000579,C00517,Formação,2025-05-02,2025-05-05,4,True
AU000580,C00514,Doença,2024-07-28,2024-07-30,3,True
AU000581,C00464,Outro,2025-01-05,2025-01-06,2,True
AU000582,C00401,Férias,2025-01-05,2025-01-11,7,True
AU000583,C00298,Outro,2025-11-25,2025-11-28,4,True
AU000584,C00124,Férias,2025-06-30,2025-07-11,12,True
AU000585,C00163,Férias,2026-01-16,2026-01-24,9,True
AU000586,C00006,Férias,2024-11-12,2024-11-15,4,True
AU000587,C00439,Férias,2024-04-18,2024-04-24,7,True
AU000588,C00048,Doença,2024-10-18,2024-11-02,16,True
AU000589,C00277,Férias,2025-05-23,2025-05-23,1,True
AU000590,C00290,Férias,2024-10-03,2024-10-06,4,True
AU000591,C00142,Licença,2024-01-23,2024-02-08,17,True
AU000592,C00035,Férias,2025-04-27,2025-04-30,4,True
AU000593,C00092,Doença,2025-07-13,2025-07-24,12,False
AU000594,C00217,Formação,2025-10-09,2025-10-12,4,True
AU000595,C00437,Férias,2024-10-29,2024-11-12,15,True
AU000596,C00406,Doença,2025-11-21,2025-12-06,16,True
AU000597,C00197,Doença,2025-10-12,2025-10-20,9,True
AU000598,C00563,Férias,2024-11-02,2024-11-13,12,False
AU000599,C00458,Férias,2026-03-21,2026-04-04,15,True
AU000600,C00329,Férias,2026-01-11,2026-01-12,2,True
AU000601,C00431,Férias,2024-05-08,2024-05-10,3,True
AU000602,C00506,Férias,2025-06-20,2025-07-02,13,True
AU000603,C00139,Doença,2025-11-21,2025-12-04,14,False
AU000604,C00476,Férias,2024-09-23,2024-09-27,5,True
AU000605,C00046,Doença,2024-11-25,2024-12-01,7,True
AU000606,C00038,Formação,2025-08-19,2025-08-20,2,True
AU000607,C00055,Férias,2024-01-10,2024-01-10,1,True
AU000608,C00587,Férias,2024-08-07,2024-08-09,3,True
AU000609,C00179,Férias,2026-01-29,2026-02-09,12,True
AU000610,C00357,Doença,2025-03-21,2025-03-22,2,True
AU000611,C00487,Férias,2024-09-03,2024-09-05,3,True
AU000612,C00505,Doença,2024-04-06,2024-04-21,16,True
AU000613,C00342,Doença,2024-11-03,2024-11-17,15,True
AU000614,C00112,Outro,2024-10-06,2024-10-06,1,True
AU000615,C00522,Licença,2024-08-09,2024-10-10,63,True
AU000616,C00447,Férias,2024-08-25,2024-08-26,2,True
AU000617,C00080,Doença,2025-05-23,2025-05-26,4,True
AU000618,C00543,Férias,2025-06-22,2025-06-29,8,True
AU000619,C00080,Doença,2025-03-24,2025-03-28,5,True
AU000620,C00217,Formação,2024-03-30,2024-03-31,2,True
AU000621,C00398,Doença,2024-07-29,2024-08-17,20,True
AU000622,C00344,Férias,2024-09-23,2024-10-07,15,True
AU000623,C00361,Congresso,2024-04-07,2024-04-10,4,True
AU000624,C00556,Férias,2024-10-22,2024-10-31,10,True
AU000625,C00241,Congresso,2025-04-25,2025-04-29,5,True
AU000626,C00118,Doença,2024-05-27,2024-06-11,16,True
AU000627,C00010,Doença,2025-09-06,2025-09-13,8,True
AU000628,C00518,Férias,2024-12-09,2024-12-13,5,False
AU000629,C00412,Férias,2026-02-19,2026-02-20,2,True
AU000630,C00446,Licença,2024-01-04,2024-01-31,28,True
AU000631,C00265,Licença,2024-01-09,2024-02-27,50,True
AU000632,C00285,Licença,2025-04-20,2025-05-06,17,True
AU000633,C00146,Doença,2025-08-01,2025-08-06,6,False
AU000634,C00022,Doença,2024-06-23,2024-06-28,6,True
AU000635,C00463,Férias,2024-02-05,2024-02-14,10,True
AU000636,C00049,Formação,2026-02-21,2026-02-22,2,True
AU000637,C00545,Férias,2025-08-19,2025-08-27,9,True
AU000638,C00180,Férias,2024-09-15,2024-09-20,6,True
AU000639,C00145,Férias,2025-02-03,2025-02-04,2,True
AU000640,C00346,Formação,2025-08-16,2025-08-20,5,True
AU000641,C00134,Formação,2025-06-07,2025-06-11,5,True
AU000642,C00317,Férias,2024-02-04,2024-02-16,13,True
AU000643,C00418,Férias,2026-02-12,2026-02-23,12,True
AU000644,C00520,Férias,2025-02-26,2025-02-27,2,True
AU000645,C00376,Férias,2025-05-29,2025-06-01,4,True
AU000646,C00401,Férias,2024-04-21,2024-04-23,3,True
AU000647,C00268,Férias,2025-10-05,2025-10-08,4,True
AU000648,C00175,Doença,2024-07-16,2024-07-19,4,True
AU000649,C00590,Férias,2026-02-02,2026-02-08,7,True
AU000650,C00266,Férias,2025-04-19,2025-04-30,12,True
AU000651,C00020,Doença,2025-05-07,2025-05-22,16,True
AU000652,C00022,Férias,2024-10-01,2024-10-06,6,True
AU000653,C00612,Doença,2024-01-30,2024-02-15,17,False
AU000654,C00143,Doença,2026-02-27,2026-03-17,19,True
AU000655,C00185,Doença,2025-02-22,2025-02-23,2,True
AU000656,C00118,Doença,2024-03-09,2024-03-16,8,True
AU000657,C00155,Férias,2025-10-29,2025-11-11,14,True
AU000658,C00215,Doença,2024-07-09,2024-07-09,1,True
AU000659,C00572,Férias,2025-06-13,2025-06-23,11,True
AU000660,C00422,Formação,2026-02-06,2026-02-09,4,True
AU000661,C00307,Férias,2024-11-18,2024-11-20,3,True
AU000662,C00206,Férias,2024-11-23,2024-12-01,9,True
AU000663,C00354,Férias,2025-05-28,2025-06-07,11,True
AU000664,C00590,Férias,2024-04-11,2024-04-15,5,True
AU000665,C00109,Doença,2026-01-26,2026-02-06,12,True
AU000666,C00169,Doença,2024-05-11,2024-05-15,5,True
AU000667,C00002,Doença,2026-01-14,2026-01-31,18,True
AU000668,C00328,Doença,2025-12-21,2026-01-06,17,True
AU000669,C00421,Férias,2024-03-28,2024-04-09,13,True
AU000670,C00542,Doença,2024-08-20,2024-08-27,8,False
AU000671,C00357,Congresso,2024-11-10,2024-11-12,3,True
AU000672,C00176,Férias,2024-01-01,2024-01-02,2,True
AU000673,C00307,Doença,2025-03-02,2025-03-18,17,True
AU000674,C00461,Congresso,2025-01-05,2025-01-06,2,True
AU000675,C00015,Doença,2024-08-24,2024-08-29,6,True
AU000676,C00135,Doença,2026-01-15,2026-01-22,8,True
AU000677,C00457,Férias,2026-01-15,2026-01-19,5,True
AU000678,C00610,Férias,2025-12-13,2025-12-16,4,True
AU000679,C00188,Doença,2026-02-09,2026-02-12,4,True
AU000680,C00294,Licença,2026-02-14,2026-04-11,57,True
AU000681,C00343,Férias,2024-10-05,2024-10-14,10,True
AU000682,C00434,Férias,2026-02-12,2026-02-21,10,True
AU000683,C00297,Férias,2024-09-25,2024-10-06,12,False
AU000684,C00169,Licença,2026-02-11,2026-04-27,76,True
AU000685,C00361,Doença,2024-10-27,2024-10-27,1,True
AU000686,C00361,Formação,2024-03-30,2024-04-01,3,True
AU000687,C00435,Doença,2025-09-06,2025-09-17,12,True
AU000688,C00530,Licença,2024-05-25,2024-07-28,65,True
AU000689,C00047,Férias,2024-12-10,2024-12-10,1,True
AU000690,C00170,Férias,2025-10-25,2025-11-08,15,True
AU000691,C00127,Doença,2024-09-19,2024-10-05,17,True
AU000692,C00345,Formação,2025-03-04,2025-03-06,3,False
AU000693,C00489,Doença,2025-03-21,2025-04-01,12,True
AU000694,C00036,Férias,2025-02-11,2025-02-17,7,False
AU000695,C00061,Férias,2024-01-22,2024-01-31,10,True
AU000696,C00041,Férias,2025-01-04,2025-01-16,13,False
AU000697,C00106,Doença,2024-11-01,2024-11-06,6,False
AU000698,C00617,Férias,2024-03-09,2024-03-18,10,True
AU000699,C00447,Congresso,2025-08-10,2025-08-11,2,True
AU000700,C00163,Doença,2024-03-09,2024-03-19,11,True
AU000701,C00117,Doença,2024-10-01,2024-10-07,7,True
AU000702,C00472,Outro,2026-02-17,2026-02-22,6,True
AU000703,C00224,Férias,2024-02-14,2024-02-24,11,True
AU000704,C00564,Férias,2024-04-28,2024-04-28,1,True
AU000705,C00131,Férias,2025-02-24,2025-03-06,11,True
AU000706,C00278,Formação,2025-10-21,2025-10-22,2,True
AU000707,C00495,Doença,2025-07-24,2025-08-02,10,False
AU000708,C00427,Férias,2024-10-13,2024-10-13,1,True
AU000709,C00012,Doença,2024-01-21,2024-02-03,14,True
AU000710,C00046,Férias,2026-03-31,2026-04-10,11,False
AU000711,C00437,Doença,2026-03-02,2026-03-09,8,True
AU000712,C00010,Doença,2024-11-20,2024-11-30,11,True
AU000713,C00355,Férias,2025-02-14,2025-02-17,4,True
AU000714,C00614,Congresso,2025-04-15,2025-04-15,1,True
AU000715,C00284,Congresso,2025-02-18,2025-02-18,1,True
AU000716,C00567,Formação,2024-07-21,2024-07-25,5,True
AU000717,C00220,Doença,2026-01-06,2026-01-20,15,True
AU000718,C00420,Formação,2024-08-28,2024-08-31,4,True
AU000719,C00552,Doença,2024-05-15,2024-05-29,15,True
AU000720,C00365,Licença,2024-01-11,2024-01-26,16,True
AU000721,C00092,Férias,2025-10-03,2025-10-08,6,True
AU000722,C00619,Licença,2025-02-15,2025-04-20,65,True
AU000723,C00372,Férias,2024-03-12,2024-03-19,8,True
AU000724,C00138,Licença,2024-10-19,2024-12-06,49,True
AU000725,C00611,Doença,2025-08-17,2025-08-29,13,True
AU000726,C00220,Férias,2024-06-25,2024-07-05,11,True
AU000727,C00498,Doença,2024-09-16,2024-10-03,18,True
AU000728,C00535,Férias,2024-08-23,2024-08-23,1,True
AU000729,C00414,Férias,2024-04-14,2024-04-28,15,True
AU000730,C00290,Formação,2024-08-02,2024-08-02,1,True
AU000731,C00232,Formação,2024-02-04,2024-02-07,4,True
AU000732,C00562,Doença,2025-03-23,2025-04-06,15,True
AU000733,C00036,Férias,2025-04-20,2025-04-22,3,True
AU000734,C00081,Férias,2024-12-29,2025-01-09,12,True
AU000735,C00167,Outro,2024-12-08,2024-12-10,3,True
AU000736,C00220,Férias,2025-03-09,2025-03-21,13,True
AU000737,C00565,Congresso,2025-07-18,2025-07-19,2,True
AU000738,C00458,Doença,2024-09-17,2024-09-30,14,True
AU000739,C00176,Doença,2026-01-26,2026-01-31,6,True
AU000740,C00572,Formação,2024-09-13,2024-09-14,2,True
AU000741,C00066,Doença,2024-09-30,2024-10-13,14,True
AU000742,C00299,Férias,2025-12-31,2026-01-07,8,True
AU000743,C00381,Doença,2024-02-03,2024-02-17,15,True
AU000744,C00437,Outro,2024-10-07,2024-10-08,2,True
AU000745,C00371,Licença,2024-06-02,2024-08-12,72,True
AU000746,C00040,Licença,2025-07-14,2025-09-14,63,True
AU000747,C00487,Doença,2024-09-29,2024-10-01,3,True
AU000748,C00008,Férias,2026-03-21,2026-03-29,9,True
AU000749,C00221,Congresso,2025-10-13,2025-10-16,4,True
AU000750,C00069,Férias,2025-09-02,2025-09-14,13,True
AU000751,C00262,Férias,2025-08-20,2025-08-25,6,True
AU000752,C00091,Férias,2025-08-11,2025-08-15,5,True
AU000753,C00606,Férias,2025-02-03,2025-02-12,10,True
AU000754,C00063,Outro,2025-10-28,2025-10-28,1,True
AU000755,C00338,Formação,2025-01-13,2025-01-16,4,True
AU000756,C00001,Congresso,2025-08-07,2025-08-08,2,True
AU000757,C00071,Férias,2024-05-19,2024-05-21,3,True
AU000758,C00327,Licença,2025-09-29,2025-11-14,47,True
AU000759,C00469,Doença,2025-11-01,2025-11-05,5,True
AU000760,C00504,Férias,2025-07-31,2025-08-10,11,True
AU000761,C00544,Férias,2025-12-30,2026-01-04,6,True
AU000762,C00043,Outro,2024-01-16,2024-01-19,4,True
AU000763,C00353,Férias,2025-05-23,2025-05-24,2,True
AU000764,C00523,Férias,2024-06-16,2024-06-30,15,True
AU000765,C00519,Férias,2026-02-26,2026-03-11,14,True
AU000766,C00601,Formação,2024-12-05,2024-12-05,1,True
AU000767,C00459,Doença,2024-11-14,2024-11-25,12,True
AU000768,C00532,Doença,2025-07-12,2025-07-31,20,False
AU000769,C00300,Licença,2026-02-17,2026-04-19,62,True
AU000770,C00047,Doença,2025-02-21,2025-02-24,4,True
AU000771,C00202,Férias,2024-07-02,2024-07-05,4,False
AU000772,C00007,Férias,2025-12-16,2025-12-30,15,True
AU000773,C00449,Férias,2025-09-30,2025-10-01,2,True
AU000774,C00474,Licença,2025-10-10,2025-11-30,52,False
AU000775,C00129,Doença,2026-01-09,2026-01-13,5,True
AU000776,C00122,Férias,2024-02-07,2024-02-19,13,True
AU000777,C00022,Congresso,2024-01-05,2024-01-07,3,True
AU000778,C00103,Férias,2026-03-16,2026-03-22,7,True
AU000779,C00060,Férias,2025-06-04,2025-06-18,15,True
AU000780,C00352,Férias,2024-05-09,2024-05-13,5,True
AU000781,C00048,Doença,2025-01-28,2025-02-06,10,True
AU000782,C00225,Congresso,2025-02-05,2025-02-07,3,True
AU000783,C00523,Férias,2025-01-30,2025-02-02,4,True
AU000784,C00362,Férias,2026-02-15,2026-02-24,10,True
AU000785,C00334,Férias,2024-02-04,2024-02-16,13,True
AU000786,C00564,Doença,2026-03-18,2026-03-27,10,True
AU000787,C00173,Férias,2024-02-01,2024-02-02,2,True
AU000788,C00399,Congresso,2025-11-22,2025-11-24,3,True
AU000789,C00069,Doença,2024-05-04,2024-05-16,13,True
AU000790,C00302,Férias,2024-04-05,2024-04-05,1,False
AU000791,C00520,Férias,2026-03-30,2026-04-08,10,True
AU000792,C00348,Doença,2024-05-04,2024-05-13,10,True
AU000793,C00552,Férias,2024-10-31,2024-11-02,3,True
AU000794,C00549,Formação,2025-09-25,2025-09-29,5,True
AU000795,C00034,Doença,2025-03-04,2025-03-05,2,True
AU000796,C00229,Doença,2025-09-17,2025-10-06,20,True
AU000797,C00037,Doença,2025-02-20,2025-02-20,1,True
AU000798,C00138,Férias,2025-02-06,2025-02-16,11,True
AU000799,C00473,Férias,2025-02-07,2025-02-09,3,True
AU000800,C00485,Doença,2025-03-05,2025-03-23,19,True
AU000801,C00198,Doença,2024-06-07,2024-06-18,12,True
AU000802,C00079,Formação,2025-02-21,2025-02-22,2,True
AU000803,C00406,Férias,2024-07-14,2024-07-14,1,True
AU000804,C00440,Férias,2026-03-04,2026-03-15,12,True
AU000805,C00103,Doença,2024-01-16,2024-02-04,20,True
AU000806,C00475,Férias,2024-10-03,2024-10-13,11,True
AU000807,C00500,Férias,2024-09-28,2024-10-01,4,True
AU000808,C00620,Férias,2024-02-21,2024-03-02,11,True
AU000809,C00002,Doença,2025-10-16,2025-10-27,12,True
AU000810,C00231,Férias,2026-02-21,2026-03-03,11,True
AU000811,C00620,Doença,2025-11-17,2025-11-17,1,True
AU000812,C00527,Doença,2025-04-29,2025-05-18,20,True
AU000813,C00295,Férias,2025-01-03,2025-01-09,7,True
AU000814,C00341,Férias,2025-04-23,2025-04-28,6,False
AU000815,C00499,Doença,2026-02-22,2026-03-01,8,True
AU000816,C00589,Férias,2026-02-09,2026-02-14,6,True
AU000817,C00131,Doença,2024-05-27,2024-05-31,5,True
AU000818,C00607,Férias,2025-07-17,2025-07-27,11,True
AU000819,C00559,Férias,2024-11-20,2024-11-22,3,True
AU000820,C00299,Doença,2024-10-20,2024-10-31,12,False
AU000821,C00295,Férias,2024-09-18,2024-09-25,8,True
AU000822,C00153,Férias,2025-02-16,2025-02-19,4,False
AU000823,C00248,Férias,2026-03-28,2026-04-01,5,True
AU000824,C00522,Formação,2025-02-22,2025-02-26,5,True
AU000825,C00590,Licença,2025-01-27,2025-04-13,77,True
AU000826,C00235,Formação,2024-03-02,2024-03-06,5,True
AU000827,C00338,Doença,2025-02-16,2025-03-01,14,True
AU000828,C00226,Férias,2024-11-12,2024-11-21,10,True
AU000829,C00273,Férias,2025-03-06,2025-03-14,9,True
AU000830,C00342,Férias,2025-07-14,2025-07-18,5,True
AU000831,C00021,Férias,2025-07-05,2025-07-08,4,True
AU000832,C00074,Férias,2024-11-28,2024-11-30,3,True
AU000833,C00568,Férias,2025-02-23,2025-03-04,10,True
AU000834,C00306,Doença,2026-01-31,2026-02-04,5,True
AU000835,C00060,Doença,2024-08-11,2024-08-13,3,True
AU000836,C00607,Férias,2025-10-11,2025-10-21,11,True
AU000837,C00366,Doença,2025-04-12,2025-04-20,9,True
AU000838,C00299,Doença,2024-06-23,2024-07-11,19,True
AU000839,C00301,Congresso,2024-11-12,2024-11-13,2,True
AU000840,C00327,Formação,2024-07-03,2024-07-06,4,True
AU000841,C00184,Formação,2024-09-06,2024-09-08,3,True
AU000842,C00595,Licença,2024-12-20,2025-03-18,89,True
AU000843,C00117,Férias,2025-11-27,2025-12-09,13,True
AU000844,C00303,Férias,2025-08-28,2025-08-29,2,True
AU000845,C00238,Férias,2024-01-16,2024-01-29,14,True
AU000846,C00295,Férias,2024-03-21,2024-03-27,7,True
AU000847,C00023,Férias,2024-08-22,2024-09-04,14,True
AU000848,C00414,Férias,2024-10-26,2024-11-01,7,True
AU000849,C00365,Formação,2024-12-27,2024-12-30,4,True
AU000850,C00150,Férias,2025-06-08,2025-06-09,2,True
AU000851,C00069,Férias,2025-12-27,2025-12-28,2,True
AU000852,C00147,Licença,2025-05-17,2025-06-14,29,True
AU000853,C00565,Doença,2025-07-22,2025-07-24,3,True
AU000854,C00041,Doença,2024-09-13,2024-09-29,17,True
AU000855,C00563,Licença,2024-03-18,2024-04-04,18,True
AU000856,C00176,Férias,2024-12-03,2024-12-16,14,True
AU000857,C00434,Férias,2024-11-06,2024-11-13,8,True
AU000858,C00614,Férias,2025-10-29,2025-11-07,10,True
AU000859,C00109,Doença,2024-03-10,2024-03-25,16,True
AU000860,C00031,Formação,2025-03-17,2025-03-18,2,True
AU000861,C00490,Formação,2026-03-08,2026-03-09,2,True
AU000862,C00570,Férias,2025-09-07,2025-09-17,11,True
AU000863,C00110,Doença,2026-01-19,2026-01-28,10,True
AU000864,C00532,Férias,2025-01-21,2025-02-01,12,True
AU000865,C00499,Formação,2024-02-02,2024-02-05,4,False
AU000866,C00590,Férias,2024-03-22,2024-04-02,12,True
AU000867,C00354,Férias,2024-03-14,2024-03-20,7,False
AU000868,C00599,Férias,2025-04-22,2025-04-23,2,True
AU000869,C00543,Férias,2025-10-27,2025-11-03,8,True
AU000870,C00211,Formação,2024-05-11,2024-05-12,2,True
AU000871,C00150,Férias,2025-05-24,2025-06-06,14,True
AU000872,C00461,Doença,2025-08-13,2025-08-28,16,True
AU000873,C00385,Férias,2026-03-15,2026-03-21,7,True
AU000874,C00074,Doença,2025-08-01,2025-08-05,5,True
AU000875,C00461,Formação,2026-01-23,2026-01-25,3,True
AU000876,C00148,Férias,2025-10-09,2025-10-16,8,True
AU000877,C00355,Doença,2024-07-06,2024-07-13,8,False
AU000878,C00558,Doença,2025-09-13,2025-09-14,2,True
AU000879,C00479,Doença,2024-07-17,2024-07-22,6,True
AU000880,C00287,Doença,2025-02-22,2025-03-02,9,True
AU000881,C00388,Doença,2025-01-01,2025-01-18,18,True
AU000882,C00395,Férias,2025-02-19,2025-03-05,15,True
AU000883,C00064,Férias,2024-01-02,2024-01-04,3,True
AU000884,C00312,Férias,2025-09-15,2025-09-26,12,True
AU000885,C00600,Formação,2024-04-24,2024-04-26,3,True
AU000886,C00456,Férias,2025-06-28,2025-07-05,8,True
AU000887,C00608,Formação,2025-01-10,2025-01-10,1,True
AU000888,C00404,Licença,2025-08-27,2025-11-07,73,True
AU000889,C00280,Férias,2024-10-02,2024-10-05,4,True
AU000890,C00064,Férias,2024-05-28,2024-06-06,10,True
AU000891,C00497,Férias,2024-04-28,2024-05-11,14,True
AU000892,C00345,Congresso,2025-01-03,2025-01-06,4,True
AU000893,C00056,Férias,2024-04-13,2024-04-13,1,True
AU000894,C00573,Doença,2024-08-02,2024-08-18,17,True
AU000895,C00134,Férias,2024-09-15,2024-09-20,6,True
AU000896,C00476,Férias,2024-02-20,2024-02-21,2,False
AU000897,C00504,Férias,2024-06-04,2024-06-04,1,True
AU000898,C00041,Formação,2025-08-31,2025-09-02,3,True
AU000899,C00448,Congresso,2024-10-09,2024-10-13,5,True
AU000900,C00433,Formação,2025-05-03,2025-05-06,4,False
AU000901,C00576,Doença,2024-11-09,2024-11-20,12,True
AU000902,C00130,Férias,2024-01-14,2024-01-20,7,True
AU000903,C00486,Férias,2024-07-27,2024-07-31,5,True
AU000904,C00020,Congresso,2025-03-31,2025-04-02,3,True
AU000905,C00306,Férias,2024-09-23,2024-10-06,14,True
AU000906,C00104,Outro,2024-04-23,2024-04-29,7,True
AU000907,C00022,Doença,2024-06-19,2024-06-30,12,True
AU000908,C00507,Formação,2025-06-03,2025-06-06,4,True
AU000909,C00046,Férias,2026-02-24,2026-02-25,2,True
AU000910,C00040,Doença,2024-11-04,2024-11-20,17,True
AU000911,C00467,Doença,2025-11-13,2025-11-16,4,False
AU000912,C00438,Doença,2025-01-12,2025-01-20,9,True
AU000913,C00313,Licença,2025-12-11,2026-01-05,26,True
AU000914,C00360,Licença,2026-03-31,2026-04-21,22,True
AU000915,C00125,Férias,2025-08-09,2025-08-11,3,True
AU000916,C00411,Licença,2025-10-28,2025-12-31,65,True
AU000917,C00105,Férias,2025-12-23,2026-01-06,15,True
AU000918,C00211,Formação,2024-05-23,2024-05-27,5,True
AU000919,C00077,Férias,2025-01-28,2025-01-28,1,True
AU000920,C00466,Outro,2025-11-08,2025-11-11,4,True
AU000921,C00595,Doença,2025-04-26,2025-05-14,19,True
AU000922,C00262,Doença,2024-03-25,2024-04-08,15,True
AU000923,C00158,Congresso,2025-05-14,2025-05-16,3,True
AU000924,C00298,Doença,2024-11-11,2024-11-16,6,True
AU000925,C00528,Doença,2024-02-16,2024-02-22,7,True
AU000926,C00597,Formação,2024-07-23,2024-07-24,2,True
AU000927,C00533,Férias,2024-08-01,2024-08-08,8,True
AU000928,C00380,Doença,2024-09-08,2024-09-11,4,True
AU000929,C00402,Formação,2024-05-15,2024-05-19,5,True
AU000930,C00036,Doença,2025-03-05,2025-03-14,10,True
AU000931,C00238,Férias,2024-05-23,2024-06-01,10,True
AU000932,C00476,Férias,2024-10-04,2024-10-15,12,True
AU000933,C00512,Férias,2024-05-14,2024-05-23,10,True
AU000934,C00570,Férias,2025-11-26,2025-12-10,15,True
AU000935,C00027,Férias,2025-06-17,2025-07-01,15,True
AU000936,C00172,Doença,2026-01-10,2026-01-25,16,True
AU000937,C00362,Doença,2025-06-20,2025-07-07,18,True
AU000938,C00236,Férias,2024-12-14,2024-12-14,1,True
AU000939,C00194,Outro,2025-12-12,2025-12-14,3,True
AU000940,C00503,Férias,2024-08-09,2024-08-13,5,True
AU000941,C00565,Férias,2024-09-02,2024-09-06,5,True
AU000942,C00143,Férias,2025-04-07,2025-04-20,14,True
AU000943,C00353,Férias,2025-04-29,2025-05-04,6,True
AU000944,C00492,Férias,2024-02-10,2024-02-18,9,True
AU000945,C00415,Outro,2024-11-20,2024-11-25,6,True
AU000946,C00017,Doença,2024-09-24,2024-10-03,10,True
AU000947,C00167,Férias,2024-11-14,2024-11-24,11,False
AU000948,C00011,Doença,2024-01-04,2024-01-17,14,True
AU000949,C00264,Férias,2026-01-08,2026-01-17,10,True
AU000950,C00297,Doença,2025-07-07,2025-07-22,16,True
AU000951,C00172,Doença,2025-07-16,2025-07-30,15,True
AU000952,C00341,Formação,2025-04-27,2025-04-28,2,True
AU000953,C00557,Férias,2024-03-09,2024-03-18,10,True
AU000954,C00207,Férias,2024-01-24,2024-02-04,12,True
AU000955,C00327,Férias,2024-06-03,2024-06-11,9,True
AU000956,C00004,Férias,2024-12-18,2024-12-24,7,True
AU000957,C00202,Férias,2025-03-24,2025-03-28,5,True
AU000958,C00079,Formação,2024-07-18,2024-07-18,1,True
AU000959,C00310,Outro,2024-11-28,2024-12-02,5,True
AU000960,C00141,Doença,2024-09-29,2024-10-04,6,True
AU000961,C00030,Férias,2024-08-19,2024-08-28,10,False
AU000962,C00604,Férias,2024-05-17,2024-05-27,11,True
AU000963,C00316,Férias,2024-08-22,2024-08-30,9,True
AU000964,C00109,Férias,2025-04-27,2025-05-10,14,False
AU000965,C00325,Congresso,2024-09-13,2024-09-13,1,True
AU000966,C00309,Férias,2025-11-08,2025-11-11,4,True
AU000967,C00608,Férias,2025-03-07,2025-03-18,12,True
AU000968,C00210,Doença,2024-05-28,2024-06-02,6,True
AU000969,C00335,Férias,2025-06-17,2025-06-17,1,True
AU000970,C00571,Outro,2025-02-01,2025-02-04,4,True
AU000971,C00171,Férias,2025-02-17,2025-02-22,6,True
AU000972,C00601,Doença,2025-09-03,2025-09-15,13,True
AU000973,C00167,Doença,2024-03-27,2024-03-30,4,True
AU000974,C00179,Férias,2025-12-20,2025-12-31,12,True
AU000975,C00283,Doença,2025-03-26,2025-04-04,10,True
AU000976,C00498,Doença,2024-09-19,2024-09-27,9,True
AU000977,C00102,Doença,2024-12-03,2024-12-17,15,True
AU000978,C00163,Formação,2025-09-03,2025-09-06,4,False
AU000979,C00490,Formação,2025-07-03,2025-07-03,1,True
AU000980,C00430,Férias,2025-03-05,2025-03-13,9,True
AU000981,C00022,Doença,2025-11-25,2025-11-30,6,True
AU000982,C00420,Férias,2024-08-12,2024-08-18,7,True
AU000983,C00227,Doença,2025-03-27,2025-04-15,20,True
AU000984,C00369,Licença,2025-10-19,2025-11-06,19,True
AU000985,C00113,Férias,2025-06-04,2025-06-15,12,True
AU000986,C00309,Formação,2025-05-24,2025-05-27,4,True
AU000987,C00112,Licença,2025-11-24,2026-01-03,41,True
AU000988,C00382,Férias,2025-12-19,2025-12-20,2,True
AU000989,C00181,Férias,2025-07-24,2025-07-25,2,True
AU000990,C00293,Congresso,2025-06-24,2025-06-24,1,True
AU000991,C00396,Férias,2024-04-28,2024-05-08,11,False
AU000992,C00118,Formação,2024-08-05,2024-08-07,3,True
AU000993,C00044,Doença,2025-07-21,2025-07-31,11,True
AU000994,C00023,Doença,2025-10-31,2025-11-19,20,True
AU000995,C00380,Férias,2024-10-15,2024-10-25,11,True
AU000996,C00602,Doença,2026-02-08,2026-02-16,9,True
AU000997,C00120,Férias,2024-06-23,2024-06-30,8,True
AU000998,C00600,Doença,2024-12-13,2024-12-22,10,True
AU000999,C00348,Férias,2024-04-01,2024-04-08,8,True
AU001000,C00215,Doença,2025-07-09,2025-07-17,9,True
AU001001,C00264,Férias,2024-05-04,2024-05-16,13,True
AU001002,C00596,Doença,2024-02-26,2024-03-08,12,True
AU001003,C00250,Férias,2024-10-19,2024-10-31,13,True
AU001004,C00487,Doença,2025-03-31,2025-04-19,20,True
AU001005,C00202,Licença,2025-02-12,2025-05-09,87,True
AU001006,C00315,Formação,2025-09-13,2025-09-17,5,True
AU001007,C00098,Doença,2024-09-20,2024-09-22,3,True
AU001008,C00179,Férias,2026-03-09,2026-03-09,1,True
AU001009,C00457,Férias,2024-04-30,2024-05-08,9,True
AU001010,C00227,Férias,2025-04-17,2025-04-22,6,True
AU001011,C00550,Outro,2024-05-28,2024-05-30,3,True
AU001012,C00453,Licença,2025-08-03,2025-08-21,19,True
AU001013,C00199,Doença,2025-07-04,2025-07-20,17,True
AU001014,C00400,Outro,2026-03-09,2026-03-10,2,True
AU001015,C00003,Férias,2024-09-22,2024-09-29,8,False
AU001016,C00571,Doença,2025-11-05,2025-11-12,8,True
AU001017,C00524,Doença,2024-01-25,2024-02-05,12,True
AU001018,C00025,Férias,2025-01-29,2025-01-29,1,True
AU001019,C00607,Doença,2024-07-01,2024-07-10,10,True
AU001020,C00432,Férias,2024-01-26,2024-01-30,5,True
AU001021,C00589,Congresso,2024-06-15,2024-06-15,1,True
AU001022,C00499,Doença,2024-11-13,2024-11-28,16,False
AU001023,C00322,Licença,2024-02-01,2024-03-08,37,True
AU001024,C00335,Formação,2025-04-30,2025-05-04,5,True
AU001025,C00574,Férias,2025-10-15,2025-10-23,9,True
AU001026,C00400,Férias,2024-07-23,2024-08-04,13,False
AU001027,C00505,Formação,2026-01-18,2026-01-18,1,True
AU001028,C00192,Outro,2024-03-17,2024-03-18,2,True
AU001029,C00551,Doença,2025-03-16,2025-03-30,15,True
AU001030,C00438,Doença,2025-07-04,2025-07-09,6,True
AU001031,C00458,Doença,2024-07-29,2024-08-17,20,True
AU001032,C00112,Férias,2024-05-21,2024-05-22,2,True
AU001033,C00242,Férias,2025-07-20,2025-07-22,3,True
AU001034,C00075,Férias,2025-06-23,2025-07-04,12,True
AU001035,C00222,Férias,2025-06-20,2025-06-27,8,True
AU001036,C00496,Férias,2025-05-25,2025-06-03,10,True
AU001037,C00587,Férias,2025-05-25,2025-06-03,10,True
AU001038,C00198,Doença,2024-12-24,2025-01-06,14,True
AU001039,C00207,Férias,2025-12-14,2025-12-18,5,True
AU001040,C00370,Férias,2026-01-21,2026-02-04,15,True
AU001041,C00461,Férias,2024-05-03,2024-05-10,8,True
AU001042,C00388,Férias,2026-02-22,2026-03-07,14,True
AU001043,C00605,Férias,2025-08-05,2025-08-06,2,True
AU001044,C00435,Doença,2026-02-03,2026-02-18,16,True
AU001045,C00222,Doença,2026-02-14,2026-02-22,9,True
AU001046,C00315,Férias,2025-05-21,2025-05-25,5,True
AU001047,C00347,Formação,2025-10-14,2025-10-14,1,True
AU001048,C00392,Férias,2024-08-27,2024-08-31,5,True
AU001049,C00126,Férias,2025-07-17,2025-07-19,3,True
AU001050,C00585,Férias,2025-08-30,2025-09-08,10,True
AU001051,C00130,Férias,2026-02-23,2026-03-06,12,True
AU001052,C00296,Licença,2024-10-25,2024-11-24,31,True
AU001053,C00620,Férias,2025-02-23,2025-02-27,5,True
AU001054,C00449,Doença,2025-09-20,2025-10-08,19,True
AU001055,C00108,Congresso,2026-01-05,2026-01-06,2,True
AU001056,C00593,Congresso,2025-01-08,2025-01-09,2,True
AU001057,C00504,Doença,2025-03-21,2025-03-24,4,True
AU001058,C00528,Formação,2024-05-06,2024-05-09,4,True
AU001059,C00207,Doença,2024-01-31,2024-02-01,2,True
AU001060,C00304,Doença,2025-11-05,2025-11-12,8,True
AU001061,C00237,Doença,2025-11-22,2025-12-02,11,True
AU001062,C00255,Férias,2025-05-06,2025-05-11,6,True
AU001063,C00399,Férias,2025-07-11,2025-07-23,13,True
AU001064,C00349,Férias,2025-04-09,2025-04-17,9,True
AU001065,C00564,Férias,2024-10-13,2024-10-15,3,True
AU001066,C00450,Doença,2024-06-09,2024-06-13,5,True
AU001067,C00592,Férias,2026-02-07,2026-02-13,7,True
AU001068,C00537,Doença,2025-07-21,2025-08-03,14,True
AU001069,C00172,Licença,2025-05-23,2025-06-26,35,True
AU001070,C00490,Licença,2024-05-22,2024-06-01,11,False
AU001071,C00406,Doença,2025-10-28,2025-11-14,18,True
AU001072,C00338,Licença,2026-01-12,2026-03-26,74,True
AU001073,C00551,Férias,2025-04-07,2025-04-12,6,True
AU001074,C00251,Formação,2024-12-10,2024-12-11,2,False
AU001075,C00504,Férias,2024-03-28,2024-03-29,2,True
AU001076,C00409,Férias,2024-09-22,2024-10-01,10,True
AU001077,C00227,Férias,2026-03-02,2026-03-10,9,True
AU001078,C00601,Licença,2024-06-17,2024-08-12,57,True
AU001079,C00222,Férias,2025-05-08,2025-05-12,5,True
AU001080,C00148,Férias,2025-01-25,2025-01-30,6,True
AU001081,C00068,Licença,2024-10-22,2024-12-14,54,True
AU001082,C00492,Férias,2024-06-22,2024-06-27,6,True
AU001083,C00510,Férias,2025-07-20,2025-08-02,14,True
AU001084,C00614,Doença,2025-08-26,2025-09-10,16,True
AU001085,C00452,Doença,2026-02-04,2026-02-15,12,True
AU001086,C00414,Congresso,2026-01-16,2026-01-18,3,True
AU001087,C00215,Doença,2025-10-28,2025-11-02,6,True
AU001088,C00202,Férias,2024-03-06,2024-03-11,6,True
AU001089,C00296,Congresso,2024-10-07,2024-10-11,5,True
AU001090,C00429,Doença,2024-01-19,2024-01-31,13,True
AU001091,C00065,Doença,2025-07-21,2025-08-07,18,True
AU001092,C00248,Doença,2024-01-07,2024-01-10,4,True
AU001093,C00568,Férias,2025-07-19,2025-07-25,7,True
AU001094,C00101,Licença,2025-05-12,2025-07-30,80,True
AU001095,C00483,Formação,2025-10-24,2025-10-24,1,True
AU001096,C00107,Doença,2024-02-16,2024-02-27,12,True
AU001097,C00415,Licença,2025-03-25,2025-06-03,71,True
AU001098,C00229,Outro,2024-09-21,2024-09-27,7,True
AU001099,C00261,Doença,2024-08-27,2024-09-13,18,True
AU001100,C00271,Férias,2025-10-05,2025-10-13,9,True
AU001101,C00557,Doença,2024-02-09,2024-02-14,6,False
AU001102,C00308,Férias,2026-01-26,2026-02-08,14,True
AU001103,C00499,Férias,2024-12-04,2024-12-07,4,True
AU001104,C00410,Férias,2025-11-14,2025-11-23,10,True
AU001105,C00177,Licença,2025-01-11,2025-01-26,16,True
AU001106,C00138,Férias,2024-01-11,2024-01-20,10,True
AU001107,C00106,Doença,2026-03-25,2026-04-13,20,True
AU001108,C00269,Férias,2025-07-25,2025-07-27,3,True
AU001109,C00320,Férias,2025-03-21,2025-04-03,14,True
AU001110,C00492,Doença,2024-06-03,2024-06-22,20,True
AU001111,C00612,Doença,2024-05-04,2024-05-18,15,True
AU001112,C00325,Férias,2024-03-05,2024-03-16,12,True
AU001113,C00545,Férias,2025-10-11,2025-10-13,3,True
AU001114,C00139,Doença,2024-03-22,2024-03-25,4,True
AU001115,C00090,Férias,2025-08-21,2025-08-24,4,True
AU001116,C00526,Formação,2024-02-05,2024-02-06,2,True
AU001117,C00402,Férias,2024-07-10,2024-07-23,14,True
AU001118,C00444,Doença,2025-10-02,2025-10-09,8,True
AU001119,C00413,Doença,2025-12-23,2025-12-30,8,True
AU001120,C00363,Doença,2025-06-29,2025-06-30,2,True
AU001121,C00154,Férias,2025-03-29,2025-04-03,6,True
AU001122,C00594,Licença,2025-10-11,2025-12-18,69,True
AU001123,C00356,Licença,2025-05-15,2025-06-03,20,True
AU001124,C00384,Férias,2024-12-11,2024-12-18,8,True
AU001125,C00345,Férias,2025-09-04,2025-09-14,11,True
AU001126,C00139,Férias,2024-06-17,2024-06-17,1,True
AU001127,C00244,Doença,2025-10-18,2025-10-24,7,False
AU001128,C00281,Férias,2024-02-17,2024-02-23,7,True
AU001129,C00071,Congresso,2024-10-31,2024-11-04,5,True
AU001130,C00501,Outro,2026-02-08,2026-02-13,6,True
AU001131,C00612,Doença,2024-08-28,2024-09-15,19,True
AU001132,C00107,Férias,2024-08-21,2024-09-01,12,True
AU001133,C00460,Férias,2025-09-01,2025-09-07,7,False
AU001134,C00419,Doença,2024-01-07,2024-01-19,13,True
AU001135,C00547,Férias,2026-03-06,2026-03-14,9,True
AU001136,C00237,Doença,2025-04-05,2025-04-24,20,True
AU001137,C00394,Doença,2025-05-31,2025-06-10,11,True
AU001138,C00248,Doença,2025-02-05,2025-02-12,8,True
AU001139,C00361,Férias,2025-04-03,2025-04-15,13,True
AU001140,C00305,Doença,2025-12-31,2026-01-15,16,True
AU001141,C00609,Férias,2025-06-26,2025-06-30,5,True
AU001142,C00111,Formação,2026-03-21,2026-03-25,5,True
AU001143,C00392,Doença,2024-04-25,2024-04-26,2,True
AU001144,C00374,Doença,2025-04-30,2025-05-15,16,True
AU001145,C00089,Férias,2024-02-20,2024-03-05,15,True
AU001146,C00420,Férias,2026-03-05,2026-03-18,14,True
AU001147,C00143,Férias,2024-06-29,2024-07-09,11,True
AU001148,C00216,Licença,2024-08-10,2024-10-30,82,True
AU001149,C00109,Férias,2024-01-25,2024-01-31,7,True
AU001150,C00380,Férias,2025-05-13,2025-05-17,5,True
AU001151,C00504,Outro,2024-01-21,2024-01-25,5,True
AU001152,C00503,Outro,2025-07-06,2025-07-09,4,True
AU001153,C00286,Férias,2024-08-09,2024-08-22,14,True
AU001154,C00403,Licença,2025-01-01,2025-03-18,77,True
AU001155,C00008,Formação,2025-10-30,2025-10-31,2,True
AU001156,C00261,Congresso,2026-02-25,2026-02-26,2,True
AU001157,C00306,Doença,2024-04-12,2024-04-24,13,True
AU001158,C00453,Férias,2024-09-07,2024-09-18,12,True
AU001159,C00040,Férias,2026-01-26,2026-02-07,13,True
AU001160,C00077,Doença,2024-04-07,2024-04-19,13,True
AU001161,C00531,Férias,2025-02-26,2025-03-12,15,True
AU001162,C00178,Congresso,2025-07-02,2025-07-06,5,True
AU001163,C00192,Doença,2026-03-17,2026-03-30,14,True
AU001164,C00395,Férias,2025-05-09,2025-05-23,15,True
AU001165,C00340,Férias,2025-10-12,2025-10-18,7,False
AU001166,C00331,Férias,2025-01-24,2025-02-01,9,True
AU001167,C00117,Licença,2025-07-11,2025-08-10,31,True
AU001168,C00311,Férias,2025-08-13,2025-08-23,11,True
AU001169,C00148,Férias,2024-10-15,2024-10-17,3,True
AU001170,C00297,Licença,2024-03-29,2024-04-26,29,True
AU001171,C00247,Férias,2024-01-04,2024-01-05,2,False
AU001172,C00317,Férias,2025-10-28,2025-11-02,6,True
AU001173,C00455,Licença,2025-02-18,2025-04-28,70,True
AU001174,C00444,Férias,2024-08-10,2024-08-18,9,True
AU001175,C00508,Outro,2025-05-03,2025-05-04,2,True
AU001176,C00525,Licença,2024-05-13,2024-06-22,41,True
AU001177,C00466,Férias,2025-06-08,2025-06-09,2,True
AU001178,C00322,Congresso,2026-03-14,2026-03-18,5,True
AU001179,C00568,Outro,2026-03-05,2026-03-05,1,True
AU001180,C00522,Férias,2025-10-14,2025-10-17,4,True
AU001181,C00063,Doença,2024-07-21,2024-07-31,11,True
AU001182,C00008,Doença,2025-11-19,2025-11-26,8,True
AU001183,C00066,Doença,2025-11-12,2025-11-16,5,False
AU001184,C00418,Doença,2024-11-13,2024-11-20,8,True
AU001185,C00554,Licença,2025-01-07,2025-02-27,52,True
AU001186,C00029,Licença,2024-06-15,2024-09-12,90,True
AU001187,C00388,Doença,2024-04-19,2024-04-20,2,True
AU001188,C00474,Férias,2026-02-16,2026-02-17,2,True
AU001189,C00105,Licença,2025-06-16,2025-08-30,76,True
AU001190,C00258,Doença,2024-09-26,2024-10-14,19,True
AU001191,C00062,Férias,2026-01-21,2026-01-27,7,True
AU001192,C00489,Doença,2025-04-12,2025-04-14,3,True
AU001193,C00601,Férias,2025-01-31,2025-02-02,3,True
AU001194,C00465,Doença,2024-01-22,2024-02-08,18,True
AU001195,C00125,Férias,2025-03-20,2025-03-22,3,True
AU001196,C00302,Licença,2024-06-02,2024-07-01,30,True
AU001197,C00504,Doença,2024-05-05,2024-05-22,18,False
AU001198,C00512,Férias,2025-09-26,2025-10-07,12,True
AU001199,C00503,Férias,2024-04-25,2024-04-25,1,True
AU001200,C00050,Férias,2024-06-05,2024-06-05,1,True
AU001201,C00348,Formação,2025-05-29,2025-05-31,3,True
AU001202,C00236,Doença,2024-04-05,2024-04-17,13,True
AU001203,C00182,Licença,2026-01-31,2026-04-03,63,True
AU001204,C00306,Férias,2025-02-23,2025-02-26,4,True
AU001205,C00314,Férias,2024-10-08,2024-10-15,8,True
AU001206,C00146,Férias,2025-12-31,2026-01-09,10,True
AU001207,C00205,Doença,2026-01-24,2026-02-09,17,True
AU001208,C00541,Licença,2024-12-27,2025-01-24,29,True
AU001209,C00518,Formação,2025-02-25,2025-02-27,3,True
AU001210,C00013,Férias,2024-01-16,2024-01-22,7,True
AU001211,C00140,Doença,2024-06-17,2024-06-24,8,True
AU001212,C00421,Doença,2025-12-30,2026-01-03,5,True
AU001213,C00373,Férias,2025-04-26,2025-05-09,14,True
AU001214,C00603,Férias,2025-06-07,2025-06-15,9,True
AU001215,C00175,Formação,2025-04-13,2025-04-16,4,True
AU001216,C00090,Congresso,2024-07-02,2024-07-02,1,True
AU001217,C00180,Férias,2024-10-29,2024-10-30,2,True
AU001218,C00212,Doença,2026-01-08,2026-01-13,6,True
AU001219,C00024,Formação,2025-09-14,2025-09-18,5,True
AU001220,C00197,Férias,2024-07-04,2024-07-12,9,True
AU001221,C00045,Licença,2025-04-24,2025-06-24,62,True
AU001222,C00601,Doença,2024-02-20,2024-03-02,12,True
AU001223,C00489,Doença,2025-08-30,2025-09-08,10,True
AU001224,C00519,Licença,2025-08-10,2025-11-05,88,True
AU001225,C00560,Doença,2025-08-08,2025-08-12,5,True
AU001226,C00481,Férias,2025-09-02,2025-09-15,14,True
AU001227,C00577,Férias,2025-06-28,2025-07-02,5,True
AU001228,C00281,Férias,2026-03-25,2026-03-25,1,True
AU001229,C00199,Congresso,2024-01-31,2024-02-02,3,True
AU001230,C00334,Férias,2024-10-05,2024-10-12,8,True
AU001231,C00139,Férias,2024-05-28,2024-06-03,7,True
AU001232,C00292,Formação,2024-09-26,2024-09-29,4,True
AU001233,C00330,Doença,2025-02-22,2025-03-02,9,True
AU001234,C00399,Férias,2024-04-28,2024-05-08,11,True
AU001235,C00309,Férias,2024-04-30,2024-05-13,14,True
AU001236,C00467,Férias,2024-10-21,2024-10-23,3,False
AU001237,C00489,Férias,2025-05-06,2025-05-06,1,True
AU001238,C00408,Férias,2026-01-24,2026-01-29,6,False
AU001239,C00176,Doença,2024-06-23,2024-06-26,4,True
AU001240,C00230,Férias,2024-12-23,2025-01-06,15,True
AU001241,C00032,Férias,2026-02-16,2026-02-22,7,True
AU001242,C00111,Doença,2024-02-26,2024-03-14,18,True
AU001243,C00603,Férias,2026-01-22,2026-01-29,8,True
AU001244,C00228,Férias,2025-08-13,2025-08-23,11,True
AU001245,C00404,Licença,2025-08-24,2025-09-07,15,True
AU001246,C00184,Férias,2025-04-01,2025-04-04,4,True
AU001247,C00291,Férias,2024-05-20,2024-05-25,6,True
AU001248,C00011,Férias,2025-01-08,2025-01-15,8,True
AU001249,C00287,Doença,2026-01-16,2026-01-20,5,True
AU001250,C00605,Formação,2024-06-16,2024-06-19,4,True
AU001251,C00392,Doença,2026-03-18,2026-03-20,3,True
AU001252,C00528,Férias,2025-08-15,2025-08-19,5,True
AU001253,C00358,Congresso,2024-11-02,2024-11-06,5,True
AU001254,C00045,Férias,2025-08-24,2025-09-03,11,True
AU001255,C00320,Férias,2024-05-28,2024-06-01,5,True
AU001256,C00007,Férias,2025-10-22,2025-11-03,13,False
AU001257,C00077,Doença,2026-03-15,2026-03-26,12,True
AU001258,C00293,Férias,2024-03-08,2024-03-21,14,True
AU001259,C00019,Congresso,2024-06-16,2024-06-18,3,True
AU001260,C00565,Doença,2025-12-30,2026-01-16,18,True
AU001261,C00162,Férias,2025-04-19,2025-04-25,7,True
AU001262,C00213,Férias,2024-10-03,2024-10-14,12,True
AU001263,C00396,Doença,2026-01-05,2026-01-23,19,True
AU001264,C00326,Férias,2025-08-13,2025-08-14,2,False
AU001265,C00067,Outro,2024-12-08,2024-12-13,6,True
AU001266,C00428,Férias,2026-01-16,2026-01-25,10,True
AU001267,C00599,Congresso,2025-05-16,2025-05-17,2,True
AU001268,C00050,Outro,2024-10-30,2024-10-30,1,True
AU001269,C00340,Congresso,2025-01-12,2025-01-16,5,True
AU001270,C00056,Doença,2024-03-26,2024-04-07,13,False
AU001271,C00366,Doença,2024-04-14,2024-04-19,6,True
AU001272,C00150,Férias,2026-02-06,2026-02-07,2,True
AU001273,C00227,Férias,2024-07-28,2024-08-04,8,True
AU001274,C00299,Doença,2024-04-23,2024-05-01,9,True
AU001275,C00238,Doença,2025-06-21,2025-07-05,15,True
AU001276,C00270,Doença,2025-01-19,2025-02-06,19,True
AU001277,C00578,Formação,2024-12-26,2024-12-28,3,True
AU001278,C00509,Formação,2024-02-14,2024-02-17,4,True
AU001279,C00357,Férias,2025-03-17,2025-03-23,7,True
AU001280,C00101,Doença,2024-08-24,2024-09-10,18,True
AU001281,C00555,Férias,2025-08-12,2025-08-19,8,True
AU001282,C00074,Férias,2024-10-10,2024-10-22,13,True
AU001283,C00053,Doença,2026-02-15,2026-02-16,2,True
AU001284,C00253,Doença,2025-04-01,2025-04-16,16,True
AU001285,C00364,Doença,2025-04-19,2025-04-20,2,True
AU001286,C00462,Doença,2025-04-13,2025-04-25,13,True
AU001287,C00181,Doença,2024-10-11,2024-10-25,15,True
AU001288,C00439,Férias,2025-01-26,2025-01-30,5,True
AU001289,C00595,Doença,2024-01-07,2024-01-19,13,True
AU001290,C00328,Férias,2025-12-09,2025-12-09,1,True
AU001291,C00110,Férias,2025-12-22,2025-12-24,3,True
AU001292,C00488,Doença,2025-11-26,2025-12-05,10,True
AU001293,C00255,Doença,2024-03-26,2024-04-10,16,True
AU001294,C00561,Férias,2024-12-15,2024-12-23,9,True
AU001295,C00618,Férias,2024-06-13,2024-06-27,15,True
AU001296,C00544,Férias,2024-10-22,2024-11-02,12,True
AU001297,C00102,Férias,2024-03-02,2024-03-05,4,True
AU001298,C00013,Doença,2026-01-21,2026-01-29,9,True
AU001299,C00253,Formação,2025-01-06,2025-01-08,3,True
AU001300,C00020,Doença,2025-08-05,2025-08-18,14,True
